COMPANY,FULLNAME,DELADDR,ALTRNT2ADD,ALTADDR,CITY,STATE,ZIPCODE,ACCOUNT,WEIGHT,PKG,SERVICE,LENGTH,WIDTH,HEIGHT,RCOMPANY,RADDRESS,RCITY,RSTATE,RZIP,BCOMPANY,BADDRESS,BCITY,BSTATE,BZIP,RFRNC1,RFRNC2,PostersEng,PostersSPA,Inserts,GuidesENG,GuidesSPA,Envelopes,Card,Seq,RESIDENTAL,SEQOrg,Kit Conf Type
SINCLAIR BAPTIST CHURCH,CORA YOUNG,102 AIRPORT RD NE,,,MILLEDGEVILLE,GA,31061-9313,381929,,CP,GROUND,,,,WALLACE GRAPHICS,2450 MEADOWBROOK PKWY,DULUTH,GA,30096,BAPTIST MISSION BOARD,4125 OLD MILTON PARKWAY,ALPHARETTA,GA,30005,205174 MG 2025 PROMO,001,5,,25,25,,10,1,1,N,032,Kit 1
TRINITY BAPTIST CHURCH,JAN YOUNG,1170 ROME RD SW,,,CALHOUN,GA,30701-7742,381929,,CP,GROUND,,,,WALLACE GRAPHICS,2450 MEADOWBROOK PKWY,DULUTH,GA,30096,BAPTIST MISSION BOARD,4125 OLD MILTON PARKWAY,ALPHARETTA,GA,30005,205174 MG 2025 PROMO,002,5,,25,25,,10,1,2,N,090,Kit 1
LIBERTY BAPTIST CHURCH OF 1837,ANNIE MASON LOYD,1210 LIBERTY CHURCH RD,,,MC INTYRE,GA,31054-2159,381929,,CP,GROUND,,,,WALLACE GRAPHICS,2450 MEADOWBROOK PKWY,DULUTH,GA,30096,BAPTIST MISSION BOARD,4125 OLD MILTON PARKWAY,ALPHARETTA,GA,30005,205174 MG 2025 PROMO,003,5,,25,25,,10,1,3,N,106,Kit 1
VALLEY GROVE BAPTIST CHURCH,ANDREA FALLIN,1372 ATWATER RD,,,THOMASTON,GA,30286-1198,381929,,CP,GROUND,,,,WALLACE GRAPHICS,2450 MEADOWBROOK PKWY,DULUTH,GA,30096,BAPTIST MISSION BOARD,4125 OLD MILTON PARKWAY,ALPHARETTA,GA,30005,205174 MG 2025 PROMO,004,5,,25,25,,10,1,4,N,163,Kit 1
GRESSTON BAPTIST CHURCH,JAYE HOWELL,1444 GRESSTON BAPTIST RD,,,EASTMAN,GA,31023-2350,381929,,CP,GROUND,,,,WALLACE GRAPHICS,2450 MEADOWBROOK PKWY,DULUTH,GA,30096,BAPTIST MISSION BOARD,4125 OLD MILTON PARKWAY,ALPHARETTA,GA,30005,205174 MG 2025 PROMO,005,5,,25,25,,10,1,5,N,190,Kit 1
SECOND BAPTIST CHURCH,ANNA PIERCE,152 EVERGREEN LN,,,CEDARTOWN,GA,30125-2092,381929,,CP,GROUND,,,,WALLACE GRAPHICS,2450 MEADOWBROOK PKWY,DULUTH,GA,30096,BAPTIST MISSION BOARD,4125 OLD MILTON PARKWAY,ALPHARETTA,GA,30005,205174 MG 2025 PROMO,006,5,,25,25,,10,1,6,N,218,Kit 1
MIDWAY BAPTIST CHURCH,CHARLES T. JOHNSON,158 CITY POND RD,,,BARNESVILLE,GA,30204-3157,381929,,CP,GROUND,,,,WALLACE GRAPHICS,2450 MEADOWBROOK PKWY,DULUTH,GA,30096,BAPTIST MISSION BOARD,4125 OLD MILTON PARKWAY,ALPHARETTA,GA,30005,205174 MG 2025 PROMO,007,5,,25,25,,10,1,7,N,230,Kit 1
SWEETWATER BAPTIST CHURCH,BRENDA BAKER,2308 SWEETWATER CHURCH RD,,,DOUGLASVILLE,GA,30134-4421,381929,,CP,GROUND,,,,WALLACE GRAPHICS,2450 MEADOWBROOK PKWY,DULUTH,GA,30096,BAPTIST MISSION BOARD,4125 OLD MILTON PARKWAY,ALPHARETTA,GA,30005,205174 MG 2025 PROMO,008,5,,25,25,,10,1,8,Y,386,Kit 1
HOPE MEMORIAL BAPTIST CHURCH,NORM GOSS,2312 FISCHER RD,,,SHARPSBURG,GA,30277-3428,381929,,CP,GROUND,,,,WALLACE GRAPHICS,2450 MEADOWBROOK PKWY,DULUTH,GA,30096,BAPTIST MISSION BOARD,4125 OLD MILTON PARKWAY,ALPHARETTA,GA,30005,205174 MG 2025 PROMO,009,5,,25,25,,10,1,9,N,390,Kit 1
SOUTH NEWPORT BAPTIST CHURCH,JENELL CANFIELD,23344 US HIGHWAY 17,,,TOWNSEND,GA,31331-3754,381929,,CP,GROUND,,,,WALLACE GRAPHICS,2450 MEADOWBROOK PKWY,DULUTH,GA,30096,BAPTIST MISSION BOARD,4125 OLD MILTON PARKWAY,ALPHARETTA,GA,30005,205174 MG 2025 PROMO,010,5,,25,25,,10,1,10,N,394,Kit 1