English,Spanish,SKU
Navigating School (Spanish) , Desenvolverse en la Escuela,IND-IJ-PM-NAVIG-SP-0100
My Team and Self (Spanish) , Mi Equipo y Yo,IND-IJ-PM-MYTEAM-SP-0200
"Past, Present, and Future (Spanish) "," Pasado, Presente, y Futuro",IND-IJ-PM-PASTF-SP-0300
Families Near and Far (Spanish) , Familias de Todas Partes,IND-IJ-PM-FAMLF-SP-0400
Our Special Location (Spanish) , Nuestra Ubicacion Especial,IND-IJ-PM-LOCAT-SP-0500
Civic Engagement (Spanish) ,  Compromiso Civico,IND-IJ-PM-CIVIC-SP-0600
Meeting Needs and Wants (Spanish) , Satisfacer ecesidades y deseos,IND-IJ-PM-NEEDS-SP-0700
Our Changing Landscape (Spanish) , Nuestro paisaje cambiante,IND-IJ-PM-LAND-SP-0800
Innovation (Spanish) , Innovacion,IND-IJ-PM-INNOV-SP-0900
Global Connections (Spanish) , Conexiones globales,IND-IJ-PM-GLOBAL-SP-1000
Migration and Movement (Spanish) , Migracion y movimiento,IND-IJ-PM-MIGRA-SP-1100
The 20th Century Civil Rights Movement (Spanish) , Movimiento por los derechos civiles del siglo XX,IND-IJ-PM-CIVRT-SP-1200
Natural Resources of the US (Spanish) , Recursos naturales de los EE. UU.,IND-IJ-PM-NATRES-SP-1300
Our State and Region (Spanish) , Nuestro Estao y Region,IND-IJ-PM-OURST-SP-1400
Economic Choices (Spanish) , Decisiones economicas,IND-IJ-PM-ECON-SP-1500
Native America (Spanish) , America Nativa,IND-IJ-PM-NATAM-SP-1600
The Colonial Era (Spanish) , La epoca colonial,IND-IJ-PM-COLO-SP-1700
The American Revolution (Spanish) , La revolucion estadounidense,IND-IJ-PM-AMREV-SP-1800
Rights and Responsibilities (Spanish) , Derechos y responsabilidades,IND-IJ-PM-RIGHTS-SP-1900